Company,Contact Information,Business Description,Key Employees
"TechCorp","123 Innovation Lane, TechVille, TX 10001","TechCorp is a leader in innovative technologies.","Alice Jenkins, Bob Matthews, Carol Simmons, Daniel Lee, Eva Lopez, Frank Wright, Grace Scott, Henry Owens, Isla Reed, Jack Gibson"
"AutoMakers","456 Driveway Ave, MotorCity, MI 48201","AutoMakers excels in automobile manufacturing.","Tom Gear, Jerry Axle, Max Wheels, Lisa Drive, Brian Turbo, Holly Clutch, Anna Brake, Paul Shift, Carl Engine, Nina Spark"
"MedHealth","789 Healthcare Rd, MedCity, CA 90210","MedHealth provides top-tier healthcare services.","Dr. Emily Heart, Nurse John Pulse, Dr. Alan Lung, Nurse Sarah Vein, Nurse Liam Bandage, Dr. Kate Bone, Dr. Eric Spine, Nurse Lucy Muscle, Nurse Jake Blood, Dr. Rachel Skin"
"Foodies","321 Culinary Blvd, TasteTown, NY 10011","Foodies is known for world-class gourmet dishes.","Chef Mario Pepper, Chef Luigi Salt, Chef Anita Fry, Chef Bella Roast, Chef Vince Grill, Chef Nora Spice, Chef Tim Bake, Chef Oscar Chop, Chef Sam Slice, Chef Holly Herb"
"EcoBuild","654 Greenway Dr, SustainCity, CO 80301","EcoBuild focuses on eco-friendly building materials.","Earl Forest, Flora Bush, Greta Leaf, Paul Meadow, Sara Tree, Tim River, Ivy Vine, Holly Bloom, Lily Root, Rose Bark"
"TechCorp","789 Byte Blvd, SiliconTown, CA 94107","TechCorp is a pioneer in next-gen software solutions.","Nathan Circuit, Julie Pixel, Kevin Algorithm, Sophia Bit, Owen Fiber, Ethan Data, Rachel Cloud, Megan Code, Luke Cache, Jenna Debug"
"AutoMakers","135 Wheel St, TorqueTown, OH 44101","AutoMakers manufactures high-performance vehicles.","Hank V8, Max Drift, Tom Bolt, Jerry Piston, Anna Tire, Paul Gearshift, Lisa Hub, Carl EngineBlock, Brian Exhaust, Holly BrakePad"
"MedHealth","246 Care Ave, HealTown, FL 33101","MedHealth delivers cutting-edge medical technology.","Dr. Zoe Organ, Nurse Kyle Muscle, Dr. Grace Heart, Nurse Adam Bone, Nurse Emma Pulse, Dr. Mike Lung, Dr. Sarah Brain, Nurse Alan Nerve, Nurse Chloe Spine, Dr. Ryan Skin"
"Foodies","908 Flavor Rd, SpiceCity, LA 90001","Foodies creates culinary masterpieces.","Chef Tony Pepper, Chef Lucy Basil, Chef Sarah Grill, Chef Vince Steam, Chef Nora Spice, Chef Tim Boil, Chef Oscar Roast, Chef Sam Stir, Chef Holly Sauté, Chef Rachel Peel"
"EcoBuild","345 Forest Dr, LeafTown, OR 97201","EcoBuild specializes in sustainable construction.","Tim Wood, Earl Grass, Lily Flower, Ivy Leaf, Rose Bark, Greta Plant, Flora Vine, Holly Root, Paul Stone, Sara Bloom"
"TechCorp","432 Circuit Blvd, CodeTown, WA 98101","TechCorp develops cutting-edge hardware.","Alice Quantum, Bob Neural, Carol Crypto, Daniel Matrix, Eva Circuit, Frank Fiber, Grace Gigabyte, Henry Processor, Isla Protocol, Jack Terabyte"
"AutoMakers","876 Speedway Dr, MotorTown, IN 46201","AutoMakers builds efficient and reliable vehicles.","Hank Clutch, Max Axle, Tom Turbo, Jerry Wheels, Anna Hub, Paul Engine, Lisa Gearbox, Carl Exhaust, Brian Piston, Holly Brake"
"MedHealth","135 Surgery Rd, DoctorCity, IL 60601","MedHealth pioneers surgical innovations.","Dr. Emily Scalpel, Nurse John Pulse, Dr. Alan Organ, Nurse Sarah Vein, Nurse Liam Heart, Dr. Kate Lungs, Dr. Eric Brain, Nurse Lucy Bone, Nurse Jake Blood, Dr. Rachel Nerves"
"Foodies","214 Gourmet St, FlavorTown, MA 02101","Foodies delivers exquisite dining experiences.","Chef Mike Roast, Chef Jane Boil, Chef Tony Grill, Chef Lucy Spice, Chef Anita Steam, Chef Bella Fry, Chef Tim Sauté, Chef Oscar Slice, Chef Sam Stir, Chef Holly Bake"
"EcoBuild","765 Nature Dr, GreenCity, VT 05601","EcoBuild develops eco-friendly materials.","Tim Timber, Earl Branch, Lily Vine, Ivy Bloom, Rose Leaf, Greta Tree, Flora Grass, Holly Root, Paul Wood, Sara Stone"
"TechCorp","978 Chip St, SiliconValley, TX 75201","TechCorp is advancing artificial intelligence.","Alice Neural, Bob Algorithm, Carol Circuit, Daniel Processor, Eva AI, Frank Data, Grace Fiber, Henry Code, Isla Bot, Jack Robot"
"AutoMakers","345 Turbo Dr, AutoCity, AZ 85001","AutoMakers designs luxury performance cars.","Hank Speed, Max Torque, Tom Drift, Jerry Power, Anna Brake, Paul Piston, Lisa Exhaust, Carl Clutch, Brian Hub, Holly Wheels"
"MedHealth","246 Clinic Rd, HealthTown, TN 37201","MedHealth specializes in preventative care.","Dr. Olivia Organ, Nurse David Muscle, Dr. Sophia Heart, Nurse Michael Pulse, Nurse Emma Bone, Dr. Chris Lungs, Dr. Amy Brain, Nurse Robert Nerve, Nurse Rachel Vein, Dr. Thomas Skin"
"Foodies","543 Taste Blvd, DishCity, TX 75201","Foodies offers innovative global cuisine.","Chef Andy Grill, Chef Leah Spice, Chef Bella Steam, Chef Vince Roast, Chef Nora Fry, Chef Tim Stir, Chef Oscar Boil, Chef Sam Slice, Chef Holly Bake, Chef Rachel Peel"
"EcoBuild","987 Forest Ave, EarthTown, WA 98001","EcoBuild produces recycled building materials.","Tim Bark, Earl Leaf, Lily Stone, Ivy Wood, Rose River, Greta Meadow, Flora Field, Holly Grass, Paul Tree, Sara Root"